Track Name,Artist Name(s),Genre
Gamesofluck,Parcels,"aussietronica, indie soul"
So Much In Love - Armin van Buuren Remix,"D.O.D, Armin van Buuren","electro house, house, pop dance, uk dance, dutch house, dutch trance, edm, pop dance, progressive house, trance"
Envious - Rezident Remix,"Aluna, Rezident","dance pop, german house"
Change Your Mind,Interupt,bassline
Isolate,D.O.D,"electro house, house, pop dance, uk dance"
Freed From Desire - Jen Payne & CAMPS Remix,"Kevin McKay, Start The Party, CAMPS, Jen Payne","tech house, N/A, N/A, N/A"
Evacuate the Dancefloor,Cascada,"eurodance, europop, german techno, melbourne bounce international"
Behind These Hazel Eyes,Kelly Clarkson,"dance pop, pop, talent show"
Don't Wanna Let Go,"Taiki Nulight, Eloise Keeble","bass house, bassline, doujin, N/A"
Don't Be Faded,"Thvndex, Franz Kolo","N/A, N/A"
On The Low,"Wax Motif, longstoryshort","bass house, electro house, tech house, stutter house"
Say Yes,BYOR,"pop dance, russian edm"
Tilted Towers,Alesso,"dance pop, edm, pop, pop dance, progressive electro house"
Tulum,Vandelux,stutter house
The Little Mushroom That Got Away,"Sultan + Shepard, Lane 8","canadian electronic, progressive house, gauze pop, progressive house"
Every Step,D.O.D,"electro house, house, pop dance, uk dance"
Lost,"RSCL, it's murph, Twin Diplomacy, Jack August","stutter house, stutter house, N/A, N/A"
In The Yuma (feat. Aatig),"Chris Lake, Aatig","bass house, edm, electro house, house, melbourne bounce, pop dance, progressive house, tech house, N/A"
365,"Biscits, Camden Cox","bass house, house, tech house, uk dance, uk tech house, stutter house"
Nous,Melosense,N/A
lOnDn,EMBRZ,vapor soul
More Baby,"Chris Lake, Aluna","bass house, edm, electro house, house, melbourne bounce, pop dance, progressive house, tech house, dance pop"
Ghost Voices - Lane 8 Remix,"Lane 8, Virtual Self","gauze pop, progressive house, electro house, future bass"
RnR,Sultan + Shepard,"canadian electronic, progressive house"
Next to Me,RÜFÜS DU SOL,"australian electropop, indietronica"
Circe Paradigm,Space Food,russian electronic
Making Time,"Sultan + Shepard, Julia Church","canadian electronic, progressive house, N/A"
Hypnotise,EMBRZ,vapor soul
Nemea,Innassi,N/A
Take Me There,Krakota,"dancefloor dnb, deep dnb, liquid funk, uk dnb"
Remind Me Why,"Amy Wiles, Matt Fax, Mirror Machines","N/A, progressive house, progressive trance, N/A"
Adidas & Pearls,"Solardo, Vintage Culture, LOWES","house, tech house, uk dance, brazilian edm, N/A"
Miracle (with Ellie Goulding) - Mau P Remix,"Calvin Harris, Ellie Goulding, Mau P","dance pop, edm, electro house, house, pop, pop dance, progressive house, uk dance, indietronica, metropopolis, pop, uk pop, tech house"
Clones,Alphabet Pony,"chillstep, deep liquid"
Marea (we’ve lost dancing),"Fred again.., The Blessed Madonna","edm, house, stutter house, edm"
Happy Music,Supershy,N/A
Last Days,Trippie Redd,"melodic rap, rap, trap"
Whispers,"Martin Badder, IDA fLO","N/A, N/A"
First & Last,Rodg,"progressive house, progressive trance"
Born In The Flames,Notaker,complextro
Atmosphere,"FISHER, Kita Alexander","australian house, house, aussietronica, australian indie"
Air,"Julian Gray, 28mm, Forts","N/A, N/A, N/A"
Raining Again,Betoko,deep disco house
Fool Me,CHYL,speed house
Drop Out,Sacha Robotti,bass house
Like This,Airmow,N/A
Love Vibration,ESSEL,tech house
Nineteen81,Jay Robinson,bass house
Air I Breathe - Sub Focus & Wilkinson,"Sub Focus, Wilkinson","dancefloor dnb, drum and bass, uk dance, dancefloor dnb, drum and bass, uk dance"
The Otherside (feat. Paige Cavell),"ACRAZE, Paige Cavell","pop dance, tech house, uk pop"
The Pressure,"Eli & Fur, Disciples","progressive house, house, pop dance, uk dance"
Take It Off,"FISHER, Aatig","australian house, house, N/A"
ILY,R!OT ,N/A
West Hills,KAVERN,wave
One Day At A Time - Mixed,Trilucid,N/A
Everything You Have Done - Meduza Edit,"GENESI, MEDUZA","N/A, edm, pop dance, pop house, uk dance"
Blaze,"Booka Shade, Jan Blomqvist","electronica, frankfurt electronic, german techno, minimal techno, deep euro house"
Instant,Arude,ukrainian electronic
Dark Waves,"Moonwalk, EarthLife","melodic techno, nu disco, italian techno"
Forced Adaptation - Five Phases Project (3/5),Innellea,munich electronic
Moulin Rouge - Anturage & Alexey Union Remix,"Ira Ange, Sunbios, Anturage, Alexey Union","N/A, N/A, groove room, N/A"
Transmission,Eelke Kleijn,"dark progressive house, minimal melodic techno"
The Answer,Anyma,stutter house
The Feeling - 2022 Remaster,Massano,melodic techno
Too Many Nights (feat. Don Toliver & with Future),"Metro Boomin, Future, Don Toliver","rap, atl hip hop, hip hop, rap, southern hip hop, trap, pop rap, rap, trap"
The Sign,"CamelPhat, Anyma","deep tech house, house, progressive house, uk dance, stutter house"
The Edge of Awakening,Mark Hoffen,multidisciplinary
Explore Your Future,Anyma,stutter house
Where You Are,"John Summit, Hayla","house, pop dance, tech house, uk dance, N/A"
Let Me In,"AmyElle, Shania","N/A, N/A"
Like That,Seamus D,N/A
Show Me (feat. Hannah Boleyn),"John Summit, Hannah Boleyn","house, pop dance, tech house, uk dance, N/A"
Dreams,"Gorgon City, Jem Cooke","future garage, house, pop dance, uk dance, neo-singer-songwriter"
"Sex, Drugs & Rock N Roll",Dr. Fresch,"bass house, electro house"
Armageddon,"Dr. Fresch, House Call","bass house, electro house, N/A"
Chop It Up,"BIJOU, SPLASHWOE","bass house, tech house, N/A"
Fruit of Cocoon,Dinka,progressive trance house
Romeo,Corrupt (UK),"bass house, bassline, old school bassline"
Passion,Alexi Action,N/A
Borderline,Tame Impala,"australian psych, modern rock, neo-psychedelic, rock"
Tel Aviv,"Jesse Aerox, Alon","N/A, N/A"
Do You Feel Me - City Soul Project Remix,"NY's Finest, City Soul Project","garage house, N/A"
Blinded,J. Axel,deep deep house
Tell Me,RÜFÜS DU SOL,"australian electropop, indietronica"
Alive (with Roland Clark),"David Guetta, Jack Back, Fancy Inc, Roland Clark","big room, dance pop, edm, pop, pop dance, N/A, brazilian bass, brazilian edm, garage house"
Check Out,"J. Worra, Leo Stannard","bass house, tech house, indie anthem-folk"
Middle,Noizu,"bass house, house, tech house"
Wings (I Won't Let You Down),"Armand Van Helden, Karen Harding","big beat, classic house, deep house, disco house, filter house, house, speed garage, tribal house, uk dance, vocal house, house, pop dance, uk dance"
079,"Rain Radio, Block Notice","uk house, N/A"
Hyperreal,Grigoré,N/A
METAMORPHOSIS 2,INTERWORLD,phonk brasileiro
Feel It,NIKITA,N/A
Reasons,Eric K.,N/A
Guilty Conscience - Zookëper Remix,"070 Shake, Zookëper","new jersey rap, electro house, pop edm"
Cocaine,Phantoms,la pop
METAMORPHOSIS,INTERWORLD,phonk brasileiro
Encounters,"Yotto, Booka Shade","finnish edm, progressive house, electronica, frankfurt electronic, german techno, minimal techno"
Night Drive,Wilee,"anime phonk, chill phonk"
Paris Madness,Samaran,N/A
Tasty - Extended Mix,Me & My Toothbrush,N/A
Let It Happen - Soulwax Remix,"Tame Impala, Soulwax","australian psych, modern rock, neo-psychedelic, rock, alternative dance, belgian electronic, belgian indie, belgian indie rock, belgian rock, electronica, filter house, ghent indie, mashup"
Caught in a Dream,"PALASTIC, LissA","austrian pop, indie electropop"
Like Home,Robby East,"dutch edm, future house"
Virgo,Le Youth,"house, nu disco, uk dance"
You Give Me A Feeling,"Vintage Culture, James Hype","brazilian edm, deep groove house, house, pop dance, uk dance"
Pressure (feat. Tove Lo),"Martin Garrix, Tove Lo","dutch edm, edm, pop, pop dance, progressive house, dance pop, metropopolis, pop, swedish electropop, swedish pop, swedish synthpop"
nCTRL - Lane 8 Remix,"Sultan + Shepard, Lane 8","canadian electronic, progressive house, gauze pop, progressive house"
Yours,"ZHU, Arctic Lake","edm, electro house, vapor pop"
9th Ave,Rodg,"progressive house, progressive trance"
Escape (feat. Hayla),"Kx5, deadmau5, Kaskade, Hayla","N/A, canadian electronic, complextro, edm, electro house, pop dance, progressive house, edm, electro house, pop dance, progressive electro house, progressive house, vocal house, N/A"
Someone New,"Natasha Eklove, Nicky Night Time","N/A, deep groove house"
Light,Nu Aspect,bassline
I Don't Wanna Leave - Innellea Remix,"RÜFÜS DU SOL, Innellea","australian electropop, indietronica, munich electronic"
Suddenly Funk - Ao Vivo,"Renato Cohen, Showlivre","N/A, N/A"
On My Mind - Purple Disco Machine Remix,"Diplo, SIDEPIECE, Purple Disco Machine","dance pop, edm, electro house, moombahton, pop dance, edm, house, tech house, deep house, house"
On My Mind,Algrthm,N/A
Dazzy Dancing,Hard Drive Library,N/A
If I Can't Get Down - Mousse T.'s Funky Shizzle Extended Mix,"Mike Dunn, Mousse T.","chicago house, classic house, deep house, deep house, disco house, vocal house"
Woman Like You - Sorley Remix,"kryptogram, Sorley","ukg revival, tech house, uk tech house"
I Confess (feat. ROMÉO),"Biscits, ROMÉO","bass house, house, tech house, uk dance, uk tech house, N/A"
euphoria,Aaron Hibell,"stutter house, uk dance"
I Want You,"MANIBA, Gil Glaze, Penny F.","N/A, swiss pop, N/A"
Silence,"Danny Leax, Sonam","N/A, N/A"
Fade Into Black (Club Mix),"Tinlicker, Panama","progressive house, australian indie, indietronica, nu disco, shimmer pop"
Chrysalis (Two To One),"Tritonal, Linney, Johan Vilborg, Adam Szabo","edm, electro house, pop dance, pop edm, progressive electro house, progressive house, progressive trance, N/A, progressive house, progressive trance, progressive trance house, N/A"
All I Need,Forester,stutter house
Chemistry,"KREAM, Camden Cox, IDEMI","pop dance, stutter house, N/A"
Lost,"CloudNone, Danyka Nadeau","N/A, N/A"
Under Pressure,"MEDUZA, Vintage Culture, Ben Samama","edm, pop dance, pop house, uk dance, brazilian edm, N/A"
Deep (with DJ Snake & Yung Felix),"Malaa, DJ Snake, Yung Felix","bass house, brostep, edm, electro house, electronic trap, house, dance pop, edm, electronic trap, pop, pop dance, dutch hip hop, dutch rap pop"
Into The Light,"Notaker, Karra","complextro, la pop, pop edm"
Nostalgic,"Ekonovah, Bella Renee","bass house, N/A"
Pieces,AVAION,N/A
Trip,"Blank Sense, Robert Flott","tech house, N/A"
My Feelings For You - Mark Knight Remix,"Avicii, Sebastien Drums, Mark Knight","dance pop, edm, pop, pop dance, progressive electro house, house, progressive house, tech house, uk house"
Drugs From Amsterdam,Mau P,tech house
Feel Alive (with Sky Blu of LMFAO),"TELYKAST, Sky Blu","N/A, N/A"
"Take Off, Baby! feat. Orlando - Original Mix","Ronald Christoph, Orlando","N/A, N/A"
Mesmerized,Ben Plaskett,N/A
Yeah The Girls,"FISHER, MERYLL","australian house, house, N/A"
Let It Be,CAZZETTE,"complextro, edm, electro house, pop dance, progressive electro house"
Midnight,Interupt,bassline
Play,"Jax Jones, Years & Years","dance pop, edm, house, pop dance, uk dance, uk pop, dance pop, gauze pop, pop, pop dance, uk pop"
Enight,Juche,"hardwave, wave"
LIGHTWAVES,"Benny Benassi, Anabel Englund","edm, electro house, pop dance, N/A"
Zhudio54,"ZHU, partywithray","edm, electro house, N/A"
Who Are You? - Chris Lake Remix,"Miane, Chris Lake","tech house, bass house, edm, electro house, house, melbourne bounce, pop dance, progressive house, tech house"
Nothing Better,"Chris Lake, Chris Lorenzo","bass house, edm, electro house, house, melbourne bounce, pop dance, progressive house, tech house, bass house, house, tech house"
Lies,"Sebastian Wibe, Jack Dawson","pop edm, N/A"
no 1 else,shYbeast,N/A
Gimme Some Keys,Matroda,"bass house, electro house, tech house"
Consciousness - Eric Prydz Remix,"Anyma, Chris Avantgarde, Eric Prydz","stutter house, N/A, dutch house, edm, electro house, house, pop dance, progressive electro house, progressive house"
World Hold On - FISHER Rework,"Bob Sinclar, FISHER, Steve Edwards","disco house, filter house, australian house, house, N/A"
Devon - Oliver Huntemann Remix,"Oliver Schories, Oliver Huntemann","deep euro house, hamburg electronic, minimal techno, dark techno, german techno, hamburg electronic, high-tech minimal, minimal techno"
Miracle Maker,"Dom Dolla, Clementine Douglas","australian house, deep groove house, house, uk dance"
Look My Way,Tempura,N/A
I'm God,"Clams Casino, Imogen Heap","cloud rap, experimental hip hop, instrumental hip hop, psychedelic hip hop, wonky, etherpop, metropopolis"
Wildfire - Colyn Remix,"RÜFÜS DU SOL, Colyn","australian electropop, indietronica, melodic techno"
AROSE,Lyke,N/A
Afraid To Feel,LF SYSTEM,uk dance
The Sound of Winter,Bush,"alternative metal, alternative rock, grunge, nu metal, pop rock, post-grunge, rock"
Nobody Like You - Sun Soaked Mix,Kaskade,"edm, electro house, pop dance, progressive electro house, progressive house, vocal house"
Consciousness,Cosmic Gate,"german techno, german trance, progressive house, progressive trance, trance"
Take Me,RÜFÜS DU SOL,"australian electropop, indietronica"
Make It Happen,RÜFÜS DU SOL,"australian electropop, indietronica"
It's A Killa,"FISHER, Shermanology","australian house, house, dutch house"
Heartbeat,Childish Gambino,"atl hip hop, hip hop, rap"
In A Club,"VOLAC, illusionize, Andre Longo","bass house, tech house, brazilian bass, brazilian edm, brazilian house, N/A"
Ferrari,"James Hype, Miggy Dela Rosa","deep groove house, house, pop dance, uk dance, dance pop, pop dance"
Gotta Go,Falling Decibyls,N/A
Long Way Home - Radio Edit,"Going Deeper, TRØVES","pop edm, russian edm, sky room, N/A"
Golden (feat. Blondfire),"Sander van Doorn, Blondfire","dutch house, dutch trance, edm, electro house, pop dance, progressive electro house, progressive house, metropopolis, shimmer pop"
All I Want,Just Because,N/A
Riptide,"Lane 8, Davey Havok","gauze pop, progressive house, N/A"
Gone Tomorrow - Short Edit,Lika Morgan,house
Relax (Don't Do It) - Short Edit,Lika Morgan,house
Lost Messages,Miguel Migs,deep house
Terrified,"Vintage Culture, KVSH, Bruno Be, The Beach","brazilian edm, brazilian edm, trance brasileiro, brazilian edm, indie anthem-folk"
Miss Me,"NUZB, MALARKEY","brazilian edm, brazilian house, N/A"
Never Going Home,Kungs,"edm, pop dance, uk dance"
The Calling,"Tchami, Marten Hørger","deep groove house, edm, electro house, future house, house, pop dance, progressive house, bass house, tech house"
Coming Home,King Topher,N/A
Guide,"Denis Kenzo, Kate Miles","progressive house, progressive trance, russian edm, russian trance, trance, uplifting trance, N/A"
As I Sleep (feat. Charlee) [BODÉ Remix] - Club Mix,"Tobtok, Adrian Lux, Charlee, BODÉ","deep groove house, deep tropical house, uk dance, progressive electro house, N/A, N/A"
Never Be The Same - ALPHA 9 Remix,"Tritonal, Rosie Darling, ALPHA 9","edm, electro house, pop dance, pop edm, progressive electro house, progressive house, progressive trance, alt z, progressive house, progressive trance, russian trance, trance, uplifting trance"
Rush,Hotel Garuda,vapor twitch
Alkantara,Bottai,N/A
I’m Falling - Next Habit Edit,"Anton Powers, Next Habit","deep groove house, house, uk dance, N/A"
No Rival,"Egzod, Maestro Chives, Alaina Cross","N/A, N/A, N/A"
Flying,Curbi,"dutch house, edm, electro house, future house, pop dance, progressive electro house"
Rudimentary - Original mix,GAR,N/A
Shoebox '98,ONnotez,N/A
White Noise,"Disclosure, AlunaGeorge","edm, house, indietronica, uk dance, electropop, uk dance"
Feelings,ENiGMA Dubz,"chillstep, classic dubstep, deep dubstep, minimal dubstep"
Renegade (Slowed + Reverb),Aaryan Shah,dark r&b
Pretty Brown,Butch U,N/A
Garde Le Pour Toi,Paradis,"electro-pop francais, french indie pop, french indietronica"
Memories,Lux-Inspira,indonesian edm
Heat,Cloud Battalion,synthwave
Hindsight,"Tom Martin, SHOR","N/A, N/A"
Still Love You,"Dallerium, MKDN","deep groove house, N/A"
Dreams,THAT KIND,uk dance
Moonpool,Oakwite,"liquid funk, stateside dnb"
Tidalwave,"Moksi, Adam McInnis","bass house, brostep, dutch edm, electro house, electronic trap, N/A"
Love Control,J&K,N/A
Like Mmh,"Panuma, TwoWorldsApart, LissA","N/A, N/A, indie electropop"
Only Knew,"Rootkit, Nevve","chillstep, complextro, electro house, gaming edm, melodic dubstep, pop edm"
Fine Lines,"Felon, EKE","deep groove house, N/A"
Together - SMLE Remix,"CID, smle","bass house, deep groove house, dutch house, edm, electro house, house, pop dance, pop edm, progressive electro house, progressive house, tech house, uk dance, future bass"
Won't Be Here Forever,Phantoms,la pop
Body,Sam Blacky,N/A
live in myth,Brock Wilson,N/A
Sky Is Crying (Kasbo Remix),"ZHU, Kasbo, Yuna","edm, electro house, future bass, pop edm, swedish electropop, vapor twitch, malaysian pop"
MADE 4 THIS,Tisoki,"brostep, dubstep, gaming dubstep"
Tim,ARTY,"big room, edm, electro house, pop dance, progressive electro house, progressive house, russian edm"
I Wanna Know,"Alesso, Nico & Vinz","dance pop, edm, pop, pop dance, progressive electro house, afrobeats"
Magical,"Cassian, ZOLLY","N/A, N/A"
Rainforest - Valentino Khan Remix,"Tchami, Valentino Khan","deep groove house, edm, electro house, future house, house, pop dance, progressive house, brostep, edm, electro house, electronic trap, moombahton"
Let Stars Fall,Last Island,N/A
Beat Freak (ft. lau.ra),"Chris Lake, Riva Starr, lau.ra","bass house, edm, electro house, house, melbourne bounce, pop dance, progressive house, tech house, deep house, house, tech house, N/A"
A Drug From God,"Chris Lake, Grimes, NPC","bass house, edm, electro house, house, melbourne bounce, pop dance, progressive house, tech house, art pop, canadian electropop, grave wave, indietronica, metropopolis, neo-synthpop, N/A"
All Night Alone - Chris Lake Edit,"Josement, Chris Lake","german dark minimal techno, bass house, edm, electro house, house, melbourne bounce, pop dance, progressive house, tech house"
Free,"Vintage Culture, Fancy Inc, Roland Clark","brazilian edm, brazilian bass, brazilian edm, garage house"
No Introduction,Dr. Fresch,"bass house, electro house"
Not Meant To Be Easy,Last Island,N/A
Human (feat. Echoes),"John Summit, Echoes","house, pop dance, tech house, uk dance, N/A"
Moon and Stars,Sevenn,brazilian edm
Lullaby,"Flakkë, GUDI, LUISAH","brazilian edm, brazilian house, brazilian house, N/A"
Come Over,"Öwnboss, SPECT3R","brazilian edm, brazilian edm"
Stained Glass,"CloudNone, Direct, Mr FijiWiji, Chxse","N/A, chillstep, gaming edm, melodic dubstep, chillstep, complextro, gaming edm, N/A"
Crave You,Anto,deep groove house
Who You Are - Mixed,KAASI,N/A
Ghosts (feat. Hana),"Tchami, HANA","deep groove house, edm, electro house, future house, house, pop dance, progressive house, dark pop"
Above The Tide,Duke & Jones,uk dance
Memories,"Coopex, New Beat Order, Nito-Onna","covertronica, traprun, covertronica, covertronica"
Fallin for You,SIDEPIECE,"edm, house, tech house"
Shinigami Eyes,Grimes,"art pop, canadian electropop, grave wave, indietronica, metropopolis, neo-synthpop"
OCN,Notaker,complextro
I Need U,Matt Steffanina,N/A
Hypnotized - Loods Dub Remix,"Purple Disco Machine, Sophie and the Giants, Loods","deep house, house, sheffield indie, australian dance, disco house"
i miss u - John Summit Remix,"Jax Jones, Au/Ra, John Summit","dance pop, edm, house, pop dance, uk dance, uk pop, alt z, deep pop edm, house, pop dance, tech house, uk dance"
Cross Your Mind,David Solomon,N/A
Feels Like,Morgin Madison,N/A
Automatic,"Lane 8, Solomon Grey","gauze pop, progressive house, N/A"
Nuclear Lethargy,Lane 8,"gauze pop, progressive house"
Sweet Melodies,Lizzy Land,indie electropop
Untrue,Tchami,"deep groove house, edm, electro house, future house, house, pop dance, progressive house"
Cold - Andrelli Remix,"Boy In Space, unheard, Andrelli","alt z, N/A, swedish pop"
Huna - Light Below Remix,"Damaui, Light Below","dutch edm, N/A"
Around You,Loge21,bass house
Airborne,Aether,"chillstep, substep"
Together,SIDEPIECE,"edm, house, tech house"
Best Be Believing - Shadow Child Remix,"AlunaGeorge, Shadow Child","electropop, uk dance, house, minimal tech house, uk dance"
Good Life,ZHU,"edm, electro house"
viola,eevee,"japanese chillhop, lo-fi beats"
Anything - Malaa Remix,"Alison Wonderland, Valentino Khan, Malaa","aussietronica, edm, electra, electronic trap, escape room, indietronica, brostep, edm, electro house, electronic trap, moombahton, bass house, brostep, edm, electro house, electronic trap, house"
Love at First Sight,TEEMID,new french touch
Don't Speak,"ROËDS, Ally Wictoria","scandipop, N/A"
Leave Your Lover,"LO, Soku, Thomas Sykes","chill house, deep groove house, chill house"
Right Back - Original Mix,Stoto,groove room
Control Me,Bensley,dancefloor dnb
Against The Sun,"Rootkit, Anna Yvette","chillstep, complextro, electro house, gaming edm, melodic dubstep, gaming edm"
Ah Up,Sound Quelle,progressive trance house
Alive,"Zeds Dead, MKLA","brostep, canadian electronic, dubstep, edm, electro house, progressive electro house, brazilian edm"
Getaway - Koven Remix,"Tritonal, Angel Taylor, Koven","edm, electro house, pop dance, pop edm, progressive electro house, progressive house, progressive trance, acoustic pop, chillstep, melodic dubstep"
Everything,"3LAU, Funkin Matt, Frawley","edm, electro house, mashup, pop dance, progressive electro house, progressive house, deep groove house, alt z, singer-songwriter pop"
Sideways,"ILLENIUM, Valerie Broussard, NURKO","edm, melodic dubstep, pop dance, bossbeat, modern alternative pop, melodic dubstep, pop edm"
Save Me (feat. MKLA),"Vintage Culture, Adam K, MKLA","brazilian edm, brazilian edm, canadian electronic, brazilian edm"
Underwater,"Anabel Englund, MK","N/A, house, pop dance"
Need To Feel Loved - Tinlicker Remix,"Reflekt, delline bass, Tinlicker","N/A, N/A, progressive house"
Lick That - Max Styler Remix,"Imanos, Max Styler","N/A, brostep, pop edm, tech house"
Stay High - Ray Foxx Remix,"LO'99, DOOLIE, Ray Foxx","australian house, bass house, deep groove house, australian alternative pop, N/A"
The Wanderer,"LTN, Ghostbeat","progressive house, progressive trance, N/A"
Ordel - Rezident Remix,"Parra for Cuva, Kyson, Beau Diako, Rezident","deep euro house, downtempo, new french touch, ambient idm, N/A, german house"
Overdose,Pascal Junior,"chill house, groove room"
Hope,"Tim Legend, Naomi Wild","N/A, indie electropop"
KNOW ME - Cassian Remix,"BRONSON, Gallant, Cassian, ODESZA, Golden Features","vapor twitch, alternative r&b, N/A, chillwave, edm, indietronica, industrial pop"
Do You Think About Me - filous Remix,"NVDES, filous","indie poptimism, deep tropical house, tropical house"
Awake,Rosehip,N/A
So High,Hopex,"traprun, turkish trap"
My Heart Goes (La Di Da),"Becky Hill, Topic","pop dance, pop house, uk dance, uk pop, german dance, pop dance, pop edm, uk dance"
Animality,"JVLA, Maga, Zupay","viral rap, electronica chilena, N/A"
Stars,"Luke Bond, Nathan Nicholson","deep uplifting trance, progressive house, progressive trance, trance, uplifting trance, N/A"
Nevada,"Vicetone, Cozi Zuehlsdorff","dutch house, edm, electro house, pop dance, progressive electro house, movie tunes"
Silence of Reality,Serhat Durmus,"arab trap, turkish trap"
Love Is Killing Me,BONNIE X CLYDE,electra
Gold (feat. Yuna),"Adventure Club, Yuna","brostep, canadian electronic, complextro, edm, electro house, filthstep, pop dance, malaysian pop"
Forever (feat. Ben Stevenson),"Adventure Club, Ben Stevenson","brostep, canadian electronic, complextro, edm, electro house, filthstep, pop dance, canadian contemporary r&b"
Reload - Radio Edit,"Sebastian Ingrosso, Tommy Trash, John Martin","edm, electro house, pop dance, progressive electro house, progressive house, aussietronica, australian dance, complextro, dutch house, edm, electro house, melbourne bounce, pop dance, progressive electro house, progressive house, pop edm"
Good Things Fall Apart (with Jon Bellion),"ILLENIUM, Jon Bellion","edm, melodic dubstep, pop dance, indie pop rap"
In Your Arms (with X Ambassadors),"ILLENIUM, X Ambassadors","edm, melodic dubstep, pop dance, modern alternative rock, modern rock, stomp pop"
Going Dumb,"Alesso, CORSAK","dance pop, edm, pop, pop dance, progressive electro house, chinese electropop"
Midnight (feat. Liam Payne),"Alesso, Liam Payne","dance pop, edm, pop, pop dance, progressive electro house, pop"
Save Me (feat. Adara),"Adventure Club, Adara","brostep, canadian electronic, complextro, edm, electro house, filthstep, pop dance, N/A"
Crash 2.0,"Adventure Club, DallasK","brostep, canadian electronic, complextro, edm, electro house, filthstep, pop dance, complextro, dutch house, electro house, pop edm, progressive electro house, sky room"
Feed The Fire - Kassian Remix,"SG Lewis, Lucky Daye, Kassian","electropop, indie soul, nu disco, uk dance, vapor soul, alternative r&b, r&b, N/A"
Falling,"Lipless, Mahalo, Carly Paige","N/A, N/A, la pop"
Inner Light,"Elderbrook, Bob Moses","uk dance, canadian electronic, canadian house"
The Longest Road - Steff Da Campo Remix,"Morgan Page, Lissie, Steff da Campo","edm, electro house, pop dance, progressive house, folk-pop, dutch house, electro house, pop edm, sky room"
Chains Chilled (with Project 46),"Kaskade, Project 46","edm, electro house, pop dance, progressive electro house, progressive house, vocal house, complextro, electro house, pop edm, progressive electro house"
By My Side,"MitiS, Tedy","chillstep, complextro, filthstep, melodic dubstep, pop edm, N/A"
You Could Be,"Anz, George Riley","experimental club, indie r&b"
Move - Edit,"Flight Facilities, DRAMA","aussietronica, australian dance, australian indie, indietronica, nu disco, indie soul"
Cotton Candy Lemonade (Anna Lunoe Remix),"Anna Lunoe, Blu DeTiger","electra, nu disco, N/A"
Let A Little Light In - RobbieG Remix,"Everyone You Know, RobbieG","london indie, N/A"
Used To Be - Rasster Remix,"GASHI, Rasster","canadian hip hop, N/A"
Pressure (feat. MAO),"King Topher, MUNNDAY, mao","N/A, N/A, N/A"
In My Head,"Nepsa, Abigail Villanueva","N/A, N/A"
This Place,obylx,N/A
Harder,Reboost,N/A
Feel It,HGZ,uk dance
Lucifer,Rezz,"brostep, canadian electronic, edm, electra, electro house"
Hackers,Metrik,"dancefloor dnb, drum and bass"
Never Be the Same,"Sons Of Maria, Agatha Saron","deep tropical house, tropical house, N/A"
Say My Name,"Matvey Emerson, NEVRMIND","groove room, N/A"
Drop That Skirt - Original Mix,Croatia Squad,house
Let It Be (feat. Veela),"Blackmill, Veela","chillstep, substep, chillstep"
Scared,"SABAI, Claire Ridgely","N/A, montreal indie"
SHADOW SELF,LSDREAM,N/A
LOVELIFE (with Jeremih),"Benny Benassi, Jeremih","edm, electro house, pop dance, chicago rap, pop rap, r&b, trap, urban contemporary"
Dreams (feat. Lanie Gardner),"David Guetta, MORTEN, Lanie Gardner","big room, dance pop, edm, pop, pop dance, danish electronic, scandipop, N/A"
Into My Bed,"Harpoon, Sammi Constantine","N/A, N/A"
Promises (with Sam Smith),"Calvin Harris, Sam Smith, Jessie Reyez","dance pop, edm, electro house, house, pop, pop dance, progressive house, uk dance, pop, uk pop, canadian contemporary r&b, canadian pop"
Absolute Zero,Ahmed Helmy,N/A
Body on Fire,"Dillistone, NOËP","pop edm, estonian electronic, estonian pop"
Live a Little (Remix),"BONNIE X CLYDE, Joysic","electra, N/A"
Home,"Mom N Dad, Marquette King","N/A, N/A"
Heart,"OTR, Shallou","stutter house, electropop, indie electropop"
I Was Lovin' You (feat. Dots Per Inch & Ayak) - TS7 Remix,"James Hype, Ayak, Dots Per Inch, TS7","deep groove house, house, pop dance, uk dance, N/A, N/A, bass house, bassline, old school bassline"
ME N U,"CID, Riddim Commission","bass house, deep groove house, dutch house, edm, electro house, house, pop dance, pop edm, progressive electro house, progressive house, tech house, uk dance, bass house, bassline, old school bassline"
I Need Your Love,"Riddim Commission, TS7, Syleena Johnson","bass house, bassline, old school bassline, bass house, bassline, old school bassline, contemporary r&b, neo soul, r&b, urban contemporary"
Cold Blooded,ZHU,"edm, electro house"
BOOM,"Tiësto, Sevenn, Gucci Mane","big room, brostep, dutch edm, edm, house, pop dance, slap house, trance, brazilian edm, atl hip hop, dirty south rap, hip hop, pop rap, rap, southern hip hop, trap"
Somebody New,TELYKAST,N/A
Falls - Gigamesh Remix,"Bayonne, Gigamesh","austindie, electrofox, filter house, nu disco"
Here Right Now,"George Michelle, GAUCI","N/A, australian indie"
Down On Me,"Jeremih, 50 Cent","chicago rap, pop rap, r&b, trap, urban contemporary, east coast hip hop, gangster rap, hip hop, pop rap, queens hip hop, rap"
Common Ground,"TWO LANES, Keiynan","uk dance, N/A"
One Day They'll Know (ODESZA Remix),Pretty Lights,"glitch hop, jazztronica, livetronica"
Rush Over Me,"Seven Lions, ILLENIUM, Said The Sky, HALIENE","brostep, complextro, dubstep, edm, electro house, melodic dubstep, pop dance, progressive trance, edm, melodic dubstep, pop dance, melodic dubstep, pop edm, melodic dubstep"
Love Me Better (with Shift K3Y & Marc E. Bassy),"Dillon Francis, Shift K3Y, Marc E. Bassy","brostep, edm, electro house, moombahton, pop dance, progressive electro house, slap house, house, uk dance, indie pop rap"
Black Magic Woman,Madeaux,vapor twitch
My Game,The Beatangers,N/A
1 SIDED LOVE,blackbear,pop
All I Want (feat. Jake Shears) - Purple Disco Machine Extended Remix,"Boys Noize, Jake Shears, Purple Disco Machine","alternative dance, dance-punk, electro house, fidget house, filter house, german dance, german techno, new rave, strut, deep house, house"
Don't Care,NO SIGNE,N/A
Wrong for Me,Otherwise Fine,N/A
Leggo Shopping,Mikey Geiger,N/A
Saviour,"Hoaprox, YUAN, Haneri","v-pop, chinese electronic, singaporean pop"
Floating,GRiZ,"glitch hop, jamtronica, jazztronica, livetronica"
Love Language - SNBRN Remix,"Crooked Colours, SNBRN","vapor soul, edm, electro house, house, pop dance, pop edm"
Lost My Way,"LöKii, Lipless","N/A, N/A"
Us,Chace,chinese electronic
Make Me Feel,John Summit,"house, pop dance, tech house, uk dance"
Sweat on Me (Trice Remix),"Tape Machines, Trice, Vicki Vox","scandipop, N/A, N/A"
If This Has An End - Dr. Fresch Remix,"Dr. Fresch, Y LUV","bass house, electro house, shimmer pop"
luv(drunk),Conro,"canadian electronic, pop edm"
Don't Be So Shy - Filatov & Karas Remix,"Imany, Filatov & Karas","french indie pop, russian dance, russian edm, russian pop"
Pump It Up - Dastic Remix,"Danko, Dastic","slap house, big room, pop edm"
Don't Be Late - Original Mix,Woo2Tech,brazilian edm
Hesitation,Anzo,complextro
Bad Timing (with loren north) (Madnap Remix),"Andrey Azizov, loren north, Madnap","N/A, indie electropop, future bass"
Forget the Money,"Nick Bateman, Alan Watts","N/A, free folk, motivation"
Arty Boy - Dom Dolla 'Party Boy' Remix,"Flight Facilities, Emma Louise","aussietronica, australian dance, australian indie, indietronica, nu disco, australian indie, brisbane indie"
Mars,"Valy Mo, Charlotte Puppinck","N/A, N/A"
Pieces (feat. Gaby Zacara),"Aki Nair, Gaby Zacara","N/A, N/A"
Orbit,ellis,N/A
Ski,"Young Stoner Life, Young Thug, Gunna","pop rap, atl hip hop, atl trap, gangster rap, melodic rap, rap, trap, atl hip hop, melodic rap, rap, trap"
Good 4 Me,Vindata,"future bass, vapor twitch"
Sleepless In NYC,Autograf,"deep tropical house, pop edm, vapor soul, vapor twitch"
The Ocean (feat. Shy Martin),"Mike Perry, shy martin","pop dance, swedish tropical house, alt z, swedish electropop"
Montrose Ave,Y.V.E. 48,"deep tropical house, tropical house"
Goodbye (feat. Mat Kearney),"filous, Mat Kearney","deep tropical house, tropical house, acoustic pop, neo mellow"
California Dreamin',"Ian Storm, Carl Clarks, John Laurant","dutch edm, N/A, N/A"
Oránge,bad tuner,N/A
Stay The Night,"Just Kiddin, Camden Cox","house, uk dance, stutter house"
About Us (feat. EMME),"Le Youth, EMME","house, nu disco, uk dance, N/A"
You Might Be (feat. Lils) - GoldFish Remix,"Autograf, Lils, GoldFish","deep tropical house, pop edm, vapor soul, vapor twitch, N/A, cape town indie, downtempo, south african pop, south african pop dance"
Sensations - Whethan Remix,"Elohim, Whethan","electropop, indie poptimism, la pop, electropop, hyperpop, indie electropop, rage rap, vapor twitch"
Details (feat. Boy Matthews),"Oliver Heldens, Boy Matthews","dutch house, edm, electro house, future house, house, pop dance, progressive electro house, progressive house, uk dance"
Say It,"Phantoms, Anna Clendening","la pop, alt z"
You and Me,The Magician,"belgian edm, house, nu disco"
Heart Beating,Nora En Pure,"deep house, electra, house, progressive house, swiss pop"
Nightcrawler,"Duke Dumont, Say Lou Lou","edm, house, pop dance, progressive house, uk dance, metropopolis, swedish electropop, vapor pop"
The Longest Road - deadmau5 Remix Edit,"Morgan Page, Lissie, deadmau5","edm, electro house, pop dance, progressive house, folk-pop, canadian electronic, complextro, edm, electro house, pop dance, progressive house"
No Time - RÜFÜS DU SOL Remix,"Lastlings, RÜFÜS DU SOL","vapor soul, australian electropop, indietronica"
Honest,"San Holo, BROODS","brostep, edm, electro house, electronic trap, future bass, pop dance, auckland indie, etherpop, indietronica, metropopolis, nz pop"
Poison For Lovers,ARTY,"big room, edm, electro house, pop dance, progressive electro house, progressive house, russian edm"
Fear,"MYRNE, Manila Killa","future bass, gaming edm, melodic dubstep, pop edm, singaporean electronic, singaporean pop, vapor twitch, future bass, pop edm, vapor twitch"
Stay Forever (feat. STRFKR),"Whethan, STRFKR","electropop, hyperpop, indie electropop, rage rap, vapor twitch, indie rock, indietronica"
Are We Still Young,"Grant, Juneau","future bass, N/A"
Sirens,Icarus,"house, uk dance"
Passion - Hotel Garuda Remix,"RAC, Hotel Garuda, Louis The Child","indietronica, metropopolis, nu disco, shimmer pop, vapor twitch, edm, electropop, indie poptimism"
Lost Souls - Nora En Pure Remix,"Eelke Kleijn, Ost, Nora En Pure","dark progressive house, minimal melodic techno, N/A, deep house, electra, house, progressive house, swiss pop"
Moon Rider (feat. Wrabel),"Jai Wolf, Wrabel","electropop, alt z, indie poptimism"
ETERNAL NOW,"LSDREAM, Champagne Drip","N/A, brostep, glitch hop"
Memories,"Eden Prince, Nonô","dance pop, deep groove house, uk dance, N/A"
Wow.,Post Malone,"dfw rap, melodic rap, pop, rap"
The Business - 220 KID Remix,"Tiësto, 220 KID","big room, brostep, dutch edm, edm, house, pop dance, slap house, trance, pop dance, uk dance"
Seeing What's Next (Kev Frey Remix),"Hollywood Principle, Kev Frey","N/A, N/A"
Sacrificial,"Rezz, PVRIS","brostep, canadian electronic, edm, electra, electro house, pixie, pop emo, pop punk"
Places,"Drove, Dillon Francis","N/A, brostep, edm, electro house, moombahton, pop dance, progressive electro house, slap house"
All On Me (feat. Zhu),"Tchami, ZHU","deep groove house, edm, electro house, future house, house, pop dance, progressive house, edm, electro house"
About You,Solstis,future bass
Into You,"Sonny Fodera, Sinéad Harnett","house, pop dance, tech house, uk dance, alternative r&b, gauze pop, uk contemporary r&b"
You Were Right - Nora En Pure Remix,"RÜFÜS DU SOL, Nora En Pure","australian electropop, indietronica, deep house, electra, house, progressive house, swiss pop"
You Need Me (feat. Maxine Ashley & Sun-El Musician),"Black Coffee, Maxine Ashley, Sun-El Musician","south african house, south african pop, south african pop dance, N/A, afro soul, south african pop, south african pop dance"
Burn Like Fire,Shiba San,"bass house, french tech house, house, tech house"
Risky Business,ZHU,"edm, electro house"
F Boy,"Ander Huang, DJ Kuromi","N/A, N/A"
Away - TWO LANES Remix,"Benji Lewis, TWO LANES","N/A, uk dance"
Numb - Chill Mix,Elderbrook,uk dance
Beat Of My Heart,"Lost Frequencies, Love Harder","belgian edm, edm, pop dance, tropical house, N/A"
Nevermind,Dennis Lloyd,israeli pop
Alaska - Toby Green Remix,"Maggie Rogers, Toby Green","indie pop, dutch house, electro house, progressive electro house, sky room"
Love Tonight (Edit),Shouse,aussietronica
Just Friends,"Hayden James, Boy Matthews","aussietronica, gauze pop, house, uk dance"
House Arrest - Chris Lorenzo Remix,"Sofi Tukker, Gorgon City, Chris Lorenzo","edm, future garage, house, pop dance, uk dance, bass house, house, tech house"
Firework,Hollywood Principle,N/A
Hislerim,"Serhat Durmus, Zerrin","arab trap, turkish trap, N/A"
Magic Key - Original Mix,"Ballesteros, L. Lopez","N/A, N/A"
How You Love Me,"3LAU, Bright Lights","edm, electro house, mashup, pop dance, progressive electro house, progressive house, N/A"
Something Wonderful,"Fakear, Ana Zimmer","french indie pop, french indietronica, new french touch, N/A"
In the End,"Alex Lustig, Akacia","vapor twitch, N/A"
Gemini (feat. George Maple),"What So Not, George Maple","aussietronica, brostep, edm, electro house, electronic trap, escape room, vapor twitch, australian pop"
Waiting for You,Y.V.E. 48,"deep tropical house, tropical house"
Somewhere,"Slow Magic, Woven in Hiatus","chillwave, gauze pop, vapor twitch, lo-fi chill"
The Little Things (feat. Angela McCluskey) - Kasbo Remix,"Big Gigantic, Kasbo, Angela McCluskey","electronic trap, glitch hop, future bass, pop edm, swedish electropop, vapor twitch, scottish singer-songwriter"
Rock That Body,Black Eyed Peas,"dance pop, pop, pop rap"
BALENCIAGA,FILV,russian dance
Hear Me Now,"Alok, Zeeba, Bruno Martini","electro house, pop nacional, sertanejo universitario, slap house, N/A, brazilian edm, pop nacional"
Roll the Dice (Radio Edit) - Urban Contact Remix,"Dawa, Urban Contact","N/A, N/A"
Spark,Forester,stutter house
Empty Room - Cabu Remix,"Big Wild, Yuna, Cabu","N/A, malaysian pop, N/A"
Up in Flames,Łaszewo,indie electropop
The Way I Are,"Timbaland, Keri Hilson, D.O.E.","dance pop, pop, pop rap, dance pop, hip pop, r&b, urban contemporary, N/A"
The Drill,"Magnificence, 7 Skies","big room, progressive electro house, sky room, uplifting trance"
God Is A Dancer - James Hype Remix,"Tiësto, Mabel, James Hype","big room, brostep, dutch edm, edm, house, pop dance, slap house, trance, pop, uk pop, deep groove house, house, pop dance, uk dance"
Power,Interupt,bassline
Help Me Lose My Mind,"Disclosure, London Grammar","edm, house, indietronica, uk dance, metropopolis, nottingham indie"
I Like Your Booty,Shiba San,"bass house, french tech house, house, tech house"
Midnight,Where It's ATT,g-house
Young Blood,The Naked And Famous,"auckland indie, indietronica, kiwi rock, metropopolis, shimmer pop"
Blow Your Mind (Mwah),Dua Lipa,"dance pop, pop, uk pop"
Run,"Lane 8, Kasablanca","gauze pop, progressive house, N/A"
Feel Good,Syn Cole,"deep tropical house, edm, pop dance, progressive electro house, tropical house"
Another Brick Together - Original Mix,Teo Gorqui,N/A
Beautiful Light,Uppermost,complextro
The Business,Tiësto,"big room, brostep, dutch edm, edm, house, pop dance, slap house, trance"
The Darkness,Xilent,"brostep, complextro, electro house, filthstep, gaming dubstep, melodic dubstep, neurostep"
I Remember,"inverness, Jack Newsome","N/A, N/A"
Drivin Thru the Night,Petit Biscuit,new french touch
To Ü (feat. AlunaGeorge),"Jack Ü, Skrillex, Diplo, Aluna, AlunaGeorge","edm, electro house, pop dance, brostep, complextro, edm, electro, pop dance, dance pop, edm, electro house, moombahton, pop dance, dance pop, electropop, uk dance"
Silhouette - Feed Me Remix,"Bad Computer, Skyelle, Feed Me","complextro, N/A, brostep, complextro, edm, electro house, filthstep"
Dreams - 2004 Remaster,Fleetwood Mac,"album rock, classic rock, rock, soft rock, yacht rock"
Faith (feat. Marlena Shaw),"Tchami, Marlena Shaw","deep groove house, edm, electro house, future house, house, pop dance, progressive house, classic soul"
Breathe,ZABO,"canadian electronic, dark clubbing"
Fake Friends (feat. Alex Hosking) - Disciples Remix,"PS1, Alex Hosking, Disciples","uk dance, stutter house, house, pop dance, uk dance"
Be Randy,"Dom Dolla, Torren Foot","australian house, deep groove house, house, australian house"
Only The Gods (feat. Anabel Englund),"Disciples, Lee Foss, Anabel Englund","house, pop dance, uk dance, deep disco house, house, tech house, N/A"
On My Mind,Disciples,"house, pop dance, uk dance"
Angetenar,Rompasso,"g-house, pop edm, russian edm"
Better On My Own (feat. Anabel Englund),"Disciples, Anabel Englund","house, pop dance, uk dance, N/A"
Løve Me (Tom Budin Remix),"Torren Foot, Tom Budin","australian house, deep groove house, slap house, tech house"
All over Again (feat. Tzar),"Falcons, Tzar","vapor twitch, N/A"
Understand,James Oliver,N/A
Head & Heart (feat. MNEK),"Joel Corry, MNEK","dance pop, pop dance, uk dance, house, pop dance, uk contemporary r&b, uk dance, uk pop"
You & I,"Dallerium, CEA, Ferington","deep groove house, N/A, N/A"
Generate,Eric Prydz,"dutch house, edm, electro house, house, pop dance, progressive electro house, progressive house"
Right In Front Of Me,"Kaleena Zanders, Win and Woo","N/A, deep tropical house, pop edm"
Love Like That,"Kaskade, Dani Poppitt","edm, electro house, pop dance, progressive electro house, progressive house, vocal house, N/A"
Galaxies,"Stst, Squill, Eden Knight","N/A, N/A, N/A"
Secrets,"Regard, RAYE","pop dance, pop edm, slap house, uk dance, uk contemporary r&b, uk pop"
Oscillate,"Daktyl, Janelle Kroll","vapor twitch, indie electropop"
Sparking My Fire,"SACHI, ROE","nz electronic, nz pop, N/A"
Mayk Yu Myne?,1991,dancefloor dnb
Overthinking Rain,"Pierce Fulton, Noosa","complextro, pop edm, progressive electro house, shimmer pop"
Smile (with The Weeknd),"Juice WRLD, The Weeknd","chicago rap, melodic rap, rap, canadian contemporary r&b, canadian pop, pop"
Long Gone,Juice WRLD,"chicago rap, melodic rap, rap"
Teach Me How To Touch Me - KC Gilmore Remix,"Soane, KC Gilmore","N/A, N/A"
Infinite,Dreamers Delight,vapor twitch
Losing My Mind - Mandal & Forbes Remix,"Philip George, Saint Raymond, Mandal & Forbes","house, uk dance, hopebeat, indie anthem-folk, deep groove house"
Freedom,Ben Delay,groove room
The Boy Is Mine (feat. Alexandra Prince) - Radio Edit,"Ben Delay, Alexandra Prince","groove room, vocal trance"
Comfort Me (feat. MVRT),"BLR, MVRT","dutch edm, N/A"
We Got That Cool (feat. Afrojack & Icona Pop),"Yves V, AFROJACK, Icona Pop","belgian edm, dutch house, edm, electro house, pop dance, progressive electro house, progressive house, slap house, big room, dance pop, dutch house, edm, electro house, pop dance, candy pop, dance pop, electropop, metropopolis, swedish electropop, swedish synthpop"
Come With Me - Radio Mix,Nora En Pure,"deep house, electra, house, progressive house, swiss pop"
Working For It,"ZHU, Skrillex, THEY.","edm, electro house, brostep, complextro, edm, electro, pop dance, trap soul"
NUMB,"Hayden James, GRAACE","aussietronica, gauze pop, house, australian alternative pop"
Shrine - Hex Cougar Remix,"RL Grime, Freya Ridings, Hex Cougar","brostep, edm, electro house, electronic trap, uk pop, bass trap, electronic trap, future bass, la pop, melodic dubstep, vapor twitch"
I Never Felt so Right - Radio Mix,Ben Delay,groove room
Sweet Memories,"CID, Kaskade","bass house, deep groove house, dutch house, edm, electro house, house, pop dance, pop edm, progressive electro house, progressive house, tech house, uk dance, edm, electro house, pop dance, progressive electro house, progressive house, vocal house"
Need You,"Dillon Francis, NGHTMRE","brostep, edm, electro house, moombahton, pop dance, progressive electro house, slap house, brostep, edm, electro house, electronic trap"
Taj,"BLR, POOK","dutch edm, N/A"
Intoxicate,ZHU,"edm, electro house"
Just Us (feat. Liinks),"Ephwurd, Liinks","bass house, brostep, electro house, N/A"
Cola - ZHU Remix,"CamelPhat, Elderbrook, ZHU","deep tech house, house, progressive house, uk dance, uk dance, edm, electro house"
Without You,"SLANDER, Kayzo, Dylan Matthew","dubstep, brostep, speed house, singer-songwriter pop"
The Diner,"Kaskade, Sara Diamond","edm, electro house, pop dance, progressive electro house, progressive house, vocal house, canadian contemporary r&b, canadian electropop, canadian indie"
Touch,"Dillon Francis, BabyJake","brostep, edm, electro house, moombahton, pop dance, progressive electro house, slap house, singer-songwriter pop"
With You,Haywyre,"canadian electronic, complextro, future bass, vapor twitch"
Simple Hit,Dombresky,"bass house, electro house, house, tech house"
Never Go Back - Eden Prince Remix,"Dennis Lloyd, Eden Prince","israeli pop, dance pop, deep groove house, uk dance"
Afterlife,Drezo,"bass house, brostep, electro house"
Medicine - Eater Remix,"soulecist., Eater, Pipa Moran","N/A, N/A, N/A"
Temple,"Mad Burgerz, Ave","N/A, rock cristiano"
Strangers,Betical,new french touch
Swimboy,"Leotrix, Kinck","brostep, dubstep, gaming dubstep, scandinavian r&b"
Parallel Lines - Enzo Bennet Remix,"ATTLAS, Enzo Bennet","canadian electronic, N/A"
So High,WATEVA,estonian electronic
Until the Sun Needs to Rise,RÜFÜS DU SOL,"australian electropop, indietronica"
Return of the Mack,Mark Morrison,british soul
Mordecai,Khåen,N/A
Under the Sun,"Omar Morto, Albany Lore, Josh Hector","N/A, cape town indie, south african alternative, N/A"
First Breath,Kaivon,future bass
Ether,"Zeds Dead, Deathpact","brostep, canadian electronic, dubstep, edm, electro house, progressive electro house, dark clubbing"
Havin My Way (feat. Lil Durk),"Lil Skies, Lil Durk","melodic rap, chicago drill, chicago rap, drill, hip hop, rap, trap"
Storm (feat. Kyra Mastro),"Famba, Kyra Mastro","halifax indie, N/A"
House Arrest,"Sofi Tukker, Gorgon City","edm, future garage, house, pop dance, uk dance"
Like That,"NGHTMRE, Big Gigantic","brostep, edm, electro house, electronic trap, electronic trap, glitch hop"
Need U,DVBBS,"canadian electronic, dutch house, edm, electro house, pop dance, progressive electro house, slap house"
Undo - AWAY Remix,"RL Grime, Jeremih, Tory Lanez, AWAY","brostep, edm, electro house, electronic trap, chicago rap, pop rap, r&b, trap, urban contemporary, canadian hip hop, canadian trap, melodic rap, pop rap, r&b, rap, trap, traprun"
Down for Life,Deep Parliament,N/A
My Love,Koven,"chillstep, melodic dubstep"
Because You Move Me,"Tinlicker, Helsloot","progressive house, house"
Could U,GRiZ,"glitch hop, jamtronica, jazztronica, livetronica"
Peace,"Rocksted, Barja","brazilian edm, brazilian edm"
Eyes,RÜFÜS DU SOL,"australian electropop, indietronica"
In Your Head - RL Grime Edit,"G Jones, RL Grime","brostep, electronic trap, glitch hop, vapor twitch, brostep, edm, electro house, electronic trap"
Treat You Better,RÜFÜS DU SOL,"australian electropop, indietronica"
Some Minds (feat. Andrew Wyatt),"Flume, Andrew Wyatt","australian dance, australian electropop, australian indie, downtempo, edm, indietronica, nyc pop"
No Captain - Dirty South Remix,"Lane 8, POLIÇA, Dirty South","gauze pop, progressive house, indietronica, metropopolis, australian dance, dutch house, edm, electro house, pop dance, progressive electro house, progressive house"
Make It Right - Wankelmut Remix,"FDVM, Tyler Sjöström, Wankelmut","deep tropical house, N/A, deep euro house"
South Beach,Vicetone,"dutch house, edm, electro house, pop dance, progressive electro house"
